table_name,row_count
SystemLog,2146273
OrderValue,503758
OrderProcess,472964
GLTransaction,252263
OrderComponentText,167131
StoreInventory,157162
OrderUDFields,148665
OrderQtyTable,112116
OrderComponent,108423
Shipment,90599
ProductionJobNumber,84313
OrderPriceChange,83893
Production,76123
OrderUnitCost,74868
GLBatchHeader,73372
EstimateValue,68456
UIFlexPreviousSearch,65233
ARSalesDistribution,65209
OrderTotals,61568
ARTransactionLine,59845
OrderHeader,58708
MaterialOnHandChange,58562
Package,56067
ARTransactionTax,55200
EstimateProcess,49245
SystemEventLog,46905
CreditCard,44393
AllenStoreInventory,42438
ZipCodeTaxTable,41575
OrderCombineQuote,34281
MaterialUsage,33113
UIFlexColumn,22965
MaterialAdjustment,14678
EstimateComponentText,12916
EstimateQtyTable,12838
ARTransaction,12248
POLineItem,11296
POReceipt,11269
AvaTaxAddresses,11150
APTransactionLine,11072
EstimateComponent,9878
EstimateUnitCost,9571
EstimateUDFields,6180
Material,5196
MaterialUnitCost,5066
MaterialAllocation,5060
POHeader,5003
EstimateTotals,4775
APTransaction,4440
MaterialTransfer,4105
OrderImage,4052
SummaryFigures,3533
CustomerShipTo,3448
IdgProdLabel,3126
EstimateCombineQuote,3097
PODropShip,3043
EstimateHeader,3038
AccessControl,2824
MaterialOnHand,2705
TemplateHeader,1779
UIFlexHeader,1760
ARCustomerBalances,1615
Customer,1615
UDFHeader,1141
BatchHeader,1030
Materials-Test,1026
CBBatchHeader,1019
CBTransactionLine,982
CBTransaction,982
TempPackage,910
TempQuoteReport,875
Vendor,763
Location,725
MainMenuIcon,604
APBatchHeader,370
UDFList,364
CRMEventAssign,300
DiaryNoteAlert,258
TempAnalysis,236
DepartmentEmployee,233
CostCenterNotes,210
ProcessSchedule,188
GLAccount,187
Employee,181
VendorBalances,180
TempCheckRegister,180
DepartmentProcess,176
MaterialCategory,174
Process,157
DiaryNote,132
MainMenu,125
CalendarCostCenter,109
Notes,107
CRMEvent,101
CRMEventItem,101
CRMEmailAttachment,100
StoreInventory$,99
UserLogIn,91
AllenStoreInventorySkid,80
ScheduleFieldOption,68
CRMPreference,66
ScheduleOption,63
ShopLogIn,63
ChartItem,57
XMLLog,57
ProcessPrice,56
SalesRep,55
CostCenter,52
DepartmentCostCenter,45
VendorContact,44
ShipViaService,42
SupportWebSites,40
CustomReportFile,40
EstimateInLineOp,38
Department,34
GangRunComponent,34
Terms,32
QtyTable,31
Contact,28
TemplateGrid,26
DCTransaction,26
SearchTemplateItem,21
InLineOp,21
QtyTableHeader,19
ReasonCode,18
TemplateCategory,15
CountryCode,14
PaymentMethod,13
SearchTemplate,13
EstimateImage,12
ShipVia,12
GangRunHeader,11
ExternalLink,11
VendorCategory,10
VendorProductPrice,10
VendorProduct,10
APTransactionTax,9
Requisition,7
CustomerSubFolder,7
LocalizeApplication,7
MaterialAlternateSupplier,6
AutomationRules,6
InLineOpGrid,5
MISysTable,5
Calendar,5
CalendarItem,5
DCHoldCode,5
TempDiagram,4
TemplateRevision,4
Dmail,4
HolidayRules,4
DmailAccess,4
CompletionCode,4
Company,4
CostCode,3
GLStandards,3
InlineopType,3
ImageType,3
CustomerType,3
CustomUnitOfMeasure,3
WebSiteAccess,3
JDFConfiguration,3
ScheduleFavorite,3
Sizes,3
CBBankBalances,2
CBBank,2
AccountingPeriods,2
GLAccountingPeriods,2
MISysTableHeader,2
CustomComponentType,2
TaxJurisdictionItems,2
TaxJurisdiction,2
TaxCode,2
SystemSettings,1
CBStandards,1
StartingNumbers,1
ChartHeader,1
InvoiceDefaults,1
LocationAssignment,1
DmailOptions,1
ARStandards,1
ARSystemTotals,1
VendorHoldType,1
MaterialGLAccount,1
MaterialImages,1
ProcessSlowdown,1
RegionalCode,1
APSystemTotals,1
UserDefinedHeader,1
APStandards,1
CBSavedRec,1
PasswordPolicy,1
EstimateDefaults,1
MultiCompany,1
ModuleCodes,1
ImportLogs,1
CBDissection,1
PackageContents,0
POImage,0
OEMenuColors,0
Xpedx,0
DesignAssetLocation,0
ErrorLog,0
OEFontColors,0
OEColors,0
AvaTaxConfiguration,0
DesignAssetRoyalty,0
DieInventory,0
BasketHeader,0
WizardHeader,0
DesignAssets,0
dtproperties,0
WebCustomer,0
BWSAConversion,0
WizardOptionValue,0
DesignAssetVariation,0
WizardOption,0
DesignAssetSpecification,0
ScheduleFavoriteItem,0
MultiCurrency,0
OEImages,0
GLMonthEnd,0
CreditCardSettings,0
CostCenterRC,0
CBBankStatement,0
GangRunRule,0
OEGroupUser,0
OEGroup,0
OEFonts,0
CreditCardLog,0
DigitalAssetImage,0
GangRunDiagram,0
MDSFFeatureKeyValue,0
MDSFFeature,0
Session,0
OEFontSizes,0
TrackingNumbers,0
JDFEventLog,0
WizardProcess,0
DBOption,0
TimeItemColors,0
ProcessMaterial,0
FlexJobStatus,0
CustomFields,0
TempSalesReport,0
TempSumReport,0
PrintableCatalog,0
JobCostReportData,0
CylinderInventory,0
TempSalesValueAdded,0
PressComparison,0
JobCostOptions,0
PackageResetNumbering,0
QBMultiCompanyLink,0
QBMultiCompany,0
MarginalWord,0
ForeignCurrency,0
WebSiteMessage,0
UIConfiguration,0
UserDefinedTable,0
ReqLocation,0
GLCodeException,0
VB_TempItems,0
ARCreditAnalysis,0
VB_Sum,0
RequestForProposal,0
RFQComponent,0
MaterialPressSizes,0
RFQHeader,0
GLSubAccount,0
ARPayment,0
VendorCheckingCode,0
RFQComponentValue,0
MaterialReport,0
DepartmentManager,0
WebBannerImage,0
RFQTemplate,0
DepartmentMaterial,0
RFQTemplateItem,0
CheckDigitFormulas,0
VendorTransaction,0
RFQTemplateItemList,0
MDPreferences,0
DieImage,0
XmlMap,0
BasketComponent,0
ProcessAutoCut,0
WizardCategory,0
SalesRepToUserLoginLinks,0
CustomerUDFields,0
MissingNumbers,0
VendorTransactionLine,0
SalesForecast,0
CRMEmailUser,0
JobPressComparison,0
TempInvoiceDistribution,0
QBItem,0
TempInvoices,0
InkTemplateItem,0
HPProductionLogs,0
InkTemplate,0
DmailSchedule,0
CRMOutlookFolder,0
MaterialAllocateRollID,0
TemplateCustomerGrid,0
TempDistributions,0
OrderDefaults,0
TempEstimateQtyTable,0
OrderGLDistribution,0
CRMDistrubutionList,0
WizardTemplates,0
TempInLineOps,0
TempInventoryTransactions,0
OrderInLineOp,0
TempInventorySummary,0
CRMDistributionItems,0
CustomerImage,0
TemplateOption,0
WizardOptionImage,0
TemplateImage,0
JMFLog,0
HPStatusLogs,0
CustomerChargebackCode,0
WizardHeaderImage,0
WizardCategoryImage,0
OERuleResult,0
InvoiceTax,0
PackageLotAssignments,0
InvoiceLineItem,0
AvataxTransactionLogs,0
CustomerSalesReport,0
OERule,0
TempPaper,0
InvoiceHeader,0
PowerBIOptions,0
CustomerPricingGrid,0
OERuleHeader,0
InvoiceDistribution,0
PowerBIAccess,0
CustomerPricing,0
TemplateOptionGrid,0
TempDetailAging,0
OnlineUser,0
FGKitItem,0
EPMSBarcode,0
UserSettings,0
TempComponents,0
OnlineUserImage,0
FGKitPrice,0
CRMContact,0
TeamHeader,0
OnlineUserConfirmationEmailAddress,0
ForeignCurrencyHistory,0
CRMEmailTemplate,0
TeamMember,0
OnlineUserCustomerAccounts,0
FlexLogHeader,0
VendorAssignedCategory,0
FlexLogDetail,0
TaxExemption,0
OLUShipTo,0
FGKit,0
OEShoppingCart,0
SoftSolutionsOutput,0
TemplateInkPrice,0
EstimateInserts,0
TemplateInkPriceGrid,0
OEWebMenu,0
UPSPackage,0
OESpotColor,0
EstimateStatusCode,0
EflowConfiguration,0
OrderInserts,0
OLUAssignedUser,0
OLUItemCategory,0
PushNotificationDevice,0
ProofCode,0
ChargebackCodes,0
OEWebMenuItem,0
EflowMessage,0
ProofLog,0
ChargeBackDistrib,0
